frame,time_s,forehead_curvature_px,left_cheek_curvature_px,right_cheek_curvature_px,left_chin_curvature_px,right_chin_curvature_px,rigid_curvature_px,local_peak_curvature_px,rigid_velocity_px,hood_curvature_px,face_to_hood_curvature_ratio,curvature_velocity_ratio,robust_z
0,0.000,,,,,,,,,,,,
1,0.040,2.549167,7.217610,3.779482,14.736320,3.224107,3.779482,14.736320,3.187996,0.022447,15.117927,,1.408042
2,0.080,1.853886,6.012163,3.092544,10.559434,2.975893,3.092544,10.559434,2.755949,0.049442,12.370174,1.040569,0.963289
3,0.120,1.186360,5.255685,2.699365,6.718396,1.853571,2.699365,6.718396,2.327605,0.069146,10.797462,1.061999,0.708729
4,0.160,0.853291,5.823638,1.783448,6.632547,1.479464,1.783448,6.632547,2.182972,0.059918,7.133791,0.790785,0.115725
5,0.200,1.145718,6.079323,2.070069,8.458019,1.678571,2.070069,8.458019,1.977525,0.066568,8.280275,0.995106,0.301295
6,0.240,2.044806,6.291380,3.083554,9.195283,1.644643,3.083554,9.195283,2.624008,0.076962,12.334215,1.340229,0.957469
7,0.280,2.337629,5.217081,3.035960,5.283962,0.933036,3.035960,5.283962,3.160233,0.086552,12.143839,1.049735,0.926654
8,0.320,1.823553,3.355632,2.213115,2.357075,0.492411,2.213115,3.355632,2.402359,0.069573,8.852459,0.795714,0.393909
9,0.360,1.028350,1.456637,1.032522,0.771226,0.341071,1.028350,1.456637,1.460867,0.018243,4.113402,0.532379,-0.373157
10,0.400,0.354679,1.995769,1.299048,2.441038,0.367411,1.299048,2.441038,0.566614,0.015993,5.196192,1.281440,-0.197896
11,0.440,0.112807,4.570862,2.459810,5.431132,0.878571,2.459810,5.431132,1.582496,0.009557,9.839238,2.289143,0.553630
12,0.480,0.151467,4.662612,2.780275,5.200472,0.965625,2.780275,5.200472,3.099418,0.020427,11.121099,1.187666,0.761113
13,0.520,0.066019,3.492332,1.280539,10.338207,1.257589,1.280539,10.338207,1.962454,0.016043,5.122158,0.505955,-0.209880
14,0.560,0.084655,3.407985,1.315177,12.996698,1.548661,1.548661,12.996698,1.220518,0.014499,6.194643,0.973091,-0.036286
15,0.600,0.132831,2.307245,0.863300,9.477359,1.159375,1.159375,9.477359,1.437054,0.009310,4.637500,0.872507,-0.288327
16,0.640,0.177835,1.506610,0.564516,4.077359,0.531250,0.564516,4.077359,0.909572,0.011691,2.258065,0.481130,-0.673464
17,0.680,0.291634,1.023268,0.813326,2.289151,0.524107,0.813326,2.289151,0.764410,0.014023,3.253305,0.971726,-0.512373
18,0.720,0.685964,1.956637,1.334479,4.413208,1.026786,1.334479,4.413208,1.152036,0.012151,5.337916,1.392660,-0.174957
19,0.760,0.978985,2.845584,2.035960,6.321227,1.252679,2.035960,6.321227,1.673189,0.025107,8.143839,1.441273,0.279212
20,0.800,0.741673,2.793760,1.612374,7.876415,1.356250,1.612374,7.876415,1.881015,0.015123,6.449498,0.907305,0.004965
21,0.840,0.374703,1.914067,1.121100,3.732547,1.095536,1.121100,3.732547,1.627710,0.029754,4.484400,0.639035,-0.313108
22,0.880,0.093973,0.643046,0.316235,1.354245,0.201786,0.316235,1.354245,0.398995,0.012003,1.264939,0.312068,-0.834212
23,0.920,0.389374,0.894500,0.526705,0.691509,0.156696,0.526705,0.894500,0.330513,0.004647,2.106822,1.053411,-0.697944
24,0.960,0.885408,1.749339,1.181650,0.877830,0.170982,0.885408,1.749339,0.808567,0.016207,3.541634,1.554603,-0.465704
25,1.000,1.062252,2.254627,1.535960,1.091981,0.316518,1.091981,2.254627,1.656795,0.016568,4.367925,0.885859,-0.331960
26,1.040,1.000198,2.657853,1.744844,2.305660,0.483929,1.744844,2.657853,1.627975,0.005846,6.979376,1.062384,0.090731
27,1.080,1.102498,2.725806,1.689318,4.346698,0.804464,1.689318,4.346698,2.024855,0.003760,6.757271,0.924937,0.054781
28,1.120,0.910190,2.557377,1.457165,6.844340,1.113839,1.457165,6.844340,2.027499,0.001658,5.828662,0.719170,-0.095524
29,1.160,0.467486,1.752512,0.957959,7.524056,1.326786,1.326786,7.524056,1.758858,0.005287,5.307143,0.700824,-0.179938
30,1.200,0.303727,1.014014,0.781068,5.580189,1.107589,1.014014,5.580189,1.480357,0.002857,4.056055,0.626086,-0.382440
31,1.240,0.091396,0.521153,0.242729,1.375472,0.208036,0.242729,1.375472,0.246875,0.006782,0.970915,0.281061,-0.881802
32,1.280,0.038462,0.277366,0.322581,1.908491,0.382143,0.322581,1.908491,0.211161,0.010509,1.290323,0.645161,-0.830103
33,1.320,0.043814,0.267319,0.141988,1.698113,0.327232,0.267319,1.698113,0.303125,0.006502,1.069275,0.534638,-0.865882
34,1.360,0.034695,0.327076,0.444738,2.269811,0.503125,0.444738,2.269811,0.484929,0.009852,1.778953,0.889476,-0.751013
35,1.400,0.307891,1.064781,0.843998,2.281132,0.412500,0.843998,2.281132,0.772768,0.020427,3.375992,1.342133,-0.492515
36,1.440,1.146114,2.484664,1.685616,1.811792,0.348214,1.685616,2.484664,1.095452,0.010460,6.742465,1.804516,0.052384
37,1.480,1.775971,3.340032,2.668165,1.080660,0.232143,1.775971,3.340032,2.175472,0.010887,7.103886,1.085914,0.110884
38,1.520,2.232950,5.035431,3.628239,2.486321,0.329018,2.486321,5.035431,2.012264,0.015140,9.945283,1.187430,0.570795
39,1.560,3.141158,8.027498,4.590428,5.608962,0.660268,4.590428,8.027498,2.831042,0.049951,18.361713,1.895576,1.933084
40,1.600,3.219667,8.837388,4.425701,8.434434,1.059375,4.425701,8.837388,3.422263,0.042808,17.702803,1.415476,1.826432
41,1.640,2.603688,8.071391,4.305658,9.999057,1.802679,4.305658,9.999057,2.993919,0.025287,17.222633,1.342125,1.748711
42,1.680,1.658010,6.818614,4.348493,10.110849,2.166964,4.348493,10.110849,3.451084,0.083432,17.393972,1.349415,1.776444
43,1.720,0.843378,3.807774,3.154944,8.123114,2.379911,3.154944,8.123114,2.892914,0.023235,12.619778,0.994623,1.003690
44,1.760,0.692308,2.766526,1.749339,4.828302,1.768304,1.768304,4.828302,2.400893,0.023810,7.073214,0.668065,0.105920
45,1.800,0.927240,2.526177,1.571126,3.126887,1.895982,1.895982,3.126887,0.867530,0.077833,7.583929,1.160182,0.188584
46,1.840,2.515662,6.180063,3.957165,8.209434,2.915179,3.957165,8.209434,1.962718,0.094154,15.828662,2.796338,1.523082
47,1.880,4.733545,11.273664,7.365415,15.696698,4.383482,7.365415,15.696698,3.872554,0.156010,29.461660,2.524446,3.729728
48,1.920,4.925456,12.542041,8.266261,13.594811,3.067411,8.266261,13.594811,6.268376,0.120000,33.065044,1.630277,4.312974
49,1.960,3.830095,10.603120,7.565310,6.266981,1.776786,6.266981,10.603120,5.501586,0.076765,25.067924,1.064911,3.018555
50,2.000,2.220460,6.540984,4.777631,3.724528,1.144643,3.724528,6.540984,3.632547,0.024171,14.898113,0.815519,1.372463
51,2.040,0.923672,3.055791,1.786092,2.781132,0.787500,1.786092,3.055791,1.677684,0.012660,7.144368,0.672698,0.117437
52,2.080,0.617367,2.437599,1.354310,2.922170,0.607589,1.354310,2.922170,1.141988,0.011609,5.417240,0.960615,-0.162117
53,2.120,0.581681,2.213908,1.133527,2.658491,0.681250,1.133527,2.658491,1.686409,0.014598,4.534109,0.801533,-0.305062
54,2.160,0.813640,2.933633,1.805923,8.947170,1.714286,1.805923,8.947170,0.582474,0.011281,7.223691,1.591904,0.130276
55,2.200,0.724227,3.237176,1.862242,10.458490,1.925893,1.925893,10.458490,2.514543,0.004795,7.703571,1.243708,0.207950
56,2.240,0.244449,1.035695,0.675304,5.829717,1.016518,1.016518,5.829717,1.363839,0.009540,4.066072,0.524197,-0.380818
57,2.280,0.102300,0.540984,0.410629,2.119340,0.650000,0.540984,2.119340,0.780539,0.013875,2.163934,0.504560,-0.688700
58,2.320,0.097740,0.668958,0.435219,1.692453,0.441518,0.441518,1.692453,0.799577,0.007192,1.766071,0.558842,-0.753098
59,2.360,0.105075,0.568482,0.502644,1.582547,0.468304,0.502644,1.582547,0.676891,0.009294,2.010576,0.680874,-0.713522
60,2.400,0.097145,0.494447,0.700423,1.916038,0.432143,0.494447,1.916038,0.776044,0.007094,1.977790,0.680619,-0.718829
61,2.440,0.228390,0.673982,0.374405,1.378774,0.255804,0.374405,1.378774,0.325472,0.006667,1.497620,0.679800,-0.796550
62,2.480,0.539453,1.347435,1.085140,1.012736,0.217857,1.012736,1.347435,0.856690,0.002677,4.050943,1.713363,-0.383267
63,2.520,1.520222,4.513749,3.978054,3.555660,0.875446,3.555660,4.513749,1.391038,0.004056,14.222642,3.163783,1.263131
64,2.560,2.818794,7.326547,5.695928,6.896226,1.475893,5.695928,7.326547,2.435377,0.008867,22.783712,2.977162,2.648831
65,2.600,3.356661,7.993390,5.850344,8.429245,2.163839,5.850344,8.429245,4.196192,0.014417,23.401375,1.764392,2.748806
66,2.640,2.333862,6.007403,5.263617,5.282547,1.533929,5.263617,6.007403,5.529614,0.008292,21.054468,1.082402,2.368935
67,2.680,1.360626,3.437070,3.065838,6.542924,1.960714,3.065838,6.542924,2.891327,0.007685,12.263352,0.728146,0.945999
68,2.720,1.972046,6.338445,4.145690,14.825000,3.740625,4.145690,14.825000,1.433369,0.007143,16.582760,1.917217,1.645141
69,2.760,3.655630,11.834479,7.567425,22.932076,5.411161,7.567425,22.932076,4.625066,0.012660,30.269699,2.498145,3.860518
70,2.800,4.351705,13.074564,9.528028,15.051887,4.183036,9.528028,15.051887,6.816763,0.010887,38.112110,1.665473,5.129896
71,2.840,4.333466,11.983871,9.742464,8.430189,2.609821,8.430189,11.983871,5.181132,0.012824,33.720757,1.405278,4.419108
72,2.880,2.636400,8.403490,7.194077,11.447170,4.233036,7.194077,11.447170,4.936792,0.011084,28.776308,1.422046,3.618797
73,2.920,1.021610,4.081703,3.318879,14.762736,3.841518,3.841518,14.762736,3.908250,0.009097,15.366072,0.868626,1.448207
74,2.960,0.295400,2.160762,1.501322,10.616982,2.323661,2.160762,10.616982,2.808036,0.026141,8.643046,0.643439,0.360014
75,3.000,0.232752,1.462454,0.578001,3.399057,0.682143,0.682143,3.399057,0.803279,0.019622,2.728571,0.377781,-0.597307
76,3.040,0.165741,0.707562,0.843998,1.860849,0.430804,0.707562,1.860849,0.399260,0.004614,2.830249,1.176781,-0.580850
77,3.080,0.111023,0.467213,0.622686,1.963208,0.515625,0.515625,1.963208,0.630090,0.006470,2.062500,1.001846,-0.705118
78,3.120,0.094568,0.431782,0.574299,1.428302,0.430804,0.431782,1.428302,0.839239,0.002545,1.727129,0.587727,-0.759401
79,3.160,0.207573,1.120836,1.295875,12.734434,2.862947,1.295875,12.734434,0.797768,0.006420,5.183501,1.583226,-0.199951
80,3.200,0.543021,1.112110,1.347171,12.306132,2.697321,1.347171,12.306132,1.250132,0.020197,5.388683,1.315661,-0.166740
81,3.240,1.319588,3.252512,2.704125,10.314623,1.993750,2.704125,10.314623,1.677948,0.039097,10.816499,1.847029,0.711810
82,3.280,1.998612,4.682708,3.337916,5.984906,1.283929,3.337916,5.984906,3.151507,0.023465,13.351665,1.382316,1.122154
83,3.320,1.948454,4.007668,2.619778,5.587264,1.234821,2.619778,5.587264,2.823374,0.045238,10.479112,0.876931,0.657201
84,3.360,1.485329,2.729773,1.642253,4.823113,0.780804,1.642253,4.823113,1.727201,0.024893,6.569011,0.721778,0.024309
85,3.400,0.686558,1.491010,1.084347,4.729245,0.558482,1.084347,4.729245,1.630354,0.009524,4.337388,0.645915,-0.336903
86,3.440,0.268438,0.855632,0.525912,3.216038,0.429018,0.525912,3.216038,0.603913,0.018013,2.103649,0.470769,-0.698457
87,3.480,0.185171,0.600476,0.444209,2.275472,0.330357,0.444209,2.275472,0.681386,0.020969,1.776838,0.691216,-0.751355
88,3.520,0.203807,0.564781,0.380222,1.472170,0.396429,0.396429,1.472170,0.569643,0.019787,1.585714,0.633764,-0.782291
89,3.560,0.099524,0.212057,0.174775,1.021698,0.353125,0.212057,1.021698,0.370174,0.011806,0.848228,0.424114,-0.901661
90,3.600,0.096749,0.216816,0.217874,1.019340,0.331250,0.217874,1.019340,0.361713,0.010690,0.871497,0.435748,-0.897894
91,3.640,0.090999,0.362771,0.218667,0.901887,0.276339,0.276339,0.901887,0.284241,0.008736,1.105357,0.552679,-0.860042
92,3.680,0.082871,0.325754,0.251983,0.915094,0.331696,0.325754,0.915094,0.406928,0.006650,1.303014,0.651507,-0.828049
93,3.720,0.097542,0.137758,0.240349,0.267453,0.106250,0.137758,0.267453,0.218932,0.006716,0.551031,0.275516,-0.949765
94,3.760,0.100912,0.184558,0.203067,0.123113,0.070982,0.123113,0.203067,0.153302,0.006568,0.492453,0.246226,-0.959247
95,3.800,0.106860,0.420412,0.203860,0.100000,0.100000,0.106860,0.420412,0.096875,0.010411,0.427439,0.213719,-0.969770
96,3.840,0.130254,0.795082,0.652300,0.232075,0.131696,0.232075,0.795082,0.177358,0.006059,0.928302,0.464151,-0.888700
97,3.880,0.137986,2.850344,2.666314,0.591038,0.087946,0.591038,2.850344,0.368868,0.009770,2.364151,1.182076,-0.656292
98,3.920,0.407415,2.654151,2.852195,1.970755,0.493304,1.970755,2.852195,0.710849,0.006453,7.883019,3.650503,0.236995
99,3.960,1.017248,2.902433,3.059228,2.929245,0.755357,2.902433,3.059228,1.106293,0.015484,11.609731,3.194503,0.840203
100,4.000,1.666931,3.968800,3.891327,3.307076,0.908929,3.307076,3.968800,3.022210,0.023826,13.228302,1.602070,1.102186
101,4.040,2.011499,4.533051,4.056848,3.183962,0.833482,3.183962,4.533051,2.420283,0.014811,12.735849,1.170038,1.022478
102,4.080,2.456979,5.361449,4.790323,5.202359,1.260714,4.790323,5.361449,3.121364,0.013481,19.161291,1.728844,2.062504
103,4.120,2.882038,6.441037,5.566103,7.666981,1.189286,5.566103,7.666981,3.791116,0.014598,22.264410,1.610450,2.564777
104,4.160,3.267843,7.682443,6.064252,9.952830,1.537500,6.064252,9.952830,3.993654,0.019507,24.257008,1.557978,2.887300
105,4.200,2.944885,7.561608,5.818879,8.948585,1.792857,5.818879,8.948585,4.701745,0.011987,23.275517,1.338381,2.728435
106,4.240,2.405234,5.951084,4.576150,5.435849,1.498214,4.576150,5.951084,3.773929,0.017865,18.304602,1.079832,1.923839
107,4.280,2.345361,5.791909,4.346906,5.136321,1.602232,4.346906,5.791909,3.331042,0.010985,17.387625,1.223624,1.775417
108,4.320,1.934179,5.184558,3.024326,4.075472,1.105357,3.024326,5.184558,3.214437,0.024598,12.097303,0.924096,0.919122
109,4.360,1.065821,3.576679,1.839239,2.142925,0.705804,1.839239,3.576679,2.487308,0.011149,7.356954,0.645149,0.151846
110,4.400,0.362411,2.719196,1.609466,2.924057,0.814732,1.609466,2.924057,1.989424,0.017915,6.437863,0.719036,0.003081
111,4.440,0.117565,2.306716,0.720518,6.680189,2.187054,2.187054,6.680189,1.158929,0.007044,8.748215,1.389332,0.377036
112,4.480,0.252379,1.453199,0.523004,9.975471,2.662054,1.453199,9.975471,1.155209,0.006782,5.812798,1.255932,-0.098092
113,4.520,0.211935,1.770756,0.527763,8.736793,2.575893,1.770756,8.736793,1.423850,0.003695,7.083025,1.373180,0.107508
114,4.560,0.436162,2.421206,0.655738,10.697170,2.274107,2.274107,10.697170,0.847435,0.001806,9.096429,2.002485,0.433399
115,4.600,0.420103,1.814119,0.805658,7.162736,2.183928,1.814119,7.162736,2.201339,0.006273,7.256478,1.190065,0.135583
116,4.640,0.199048,1.203596,0.439186,4.793868,1.656250,1.203596,4.793868,2.027499,0.004598,4.814384,0.569233,-0.259696
117,4.680,0.141554,0.492597,0.346906,1.283962,0.621875,0.492597,1.283962,0.918304,0.008292,1.970386,0.334440,-0.720027
118,4.720,0.194092,0.410100,0.280275,0.606604,0.142411,0.280275,0.606604,0.382435,0.018374,1.121100,0.430948,-0.857493
119,4.760,0.138580,0.445267,0.351930,0.550000,0.172768,0.351930,0.550000,0.438921,0.014680,1.407721,0.703860,-0.811101
120,4.800,0.104481,0.853517,0.327869,1.375943,0.567411,0.567411,1.375943,0.353774,0.014401,2.269643,1.134821,-0.671590
121,4.840,0.075535,0.507668,0.165256,1.120283,0.417857,0.417857,1.120283,0.612946,0.012315,1.671429,0.835714,-0.768417
122,4.880,0.109040,0.607879,0.240085,1.144340,0.428125,0.428125,1.144340,0.649554,0.007504,1.712500,0.678218,-0.761769
123,4.920,0.106860,0.513485,0.356954,0.434434,0.216518,0.356954,0.513485,0.378371,0.009130,1.427816,0.694514,-0.807848
124,4.960,0.162768,0.607615,0.308567,0.843868,0.200893,0.308567,0.843868,0.413273,0.024433,1.234268,0.617134,-0.839176
125,5.000,0.161182,1.362507,0.374405,2.533019,0.250000,0.374405,2.533019,0.368852,0.018489,1.497620,0.748810,-0.796550
126,5.040,0.131047,1.974088,0.674511,3.086321,0.652232,0.674511,3.086321,0.677684,0.015452,2.698043,1.289035,-0.602248
127,5.080,0.112807,1.856425,0.744580,2.842925,0.647768,0.744580,2.842925,1.357218,0.011396,2.978318,0.731809,-0.556883
128,5.120,0.132038,0.945267,0.516129,1.226887,0.308036,0.516129,1.226887,1.083554,0.012200,2.064516,0.422923,-0.704791
129,5.160,0.138580,0.471444,0.305394,0.419340,0.114732,0.305394,0.471444,0.560550,0.007997,1.221576,0.371502,-0.841230
130,5.200,0.177042,0.480962,0.295346,1.001887,0.701786,0.480962,1.001887,0.325754,0.009787,1.923850,0.961925,-0.727560
131,5.240,0.135408,2.842676,2.048651,3.900943,2.080804,2.080804,3.900943,1.041964,0.008309,8.323215,3.042738,0.308246
132,5.280,0.119151,4.098361,2.954786,4.636321,2.336161,2.954786,4.636321,3.185268,0.012479,11.819143,1.397977,0.874099
133,5.320,0.117764,4.105764,3.129826,2.176887,1.010714,2.176887,4.105764,2.544421,0.014039,8.707547,0.759862,0.370454
134,5.360,0.466098,3.612639,2.156002,4.895755,0.945536,2.156002,4.895755,1.149127,0.002923,8.624008,1.167442,0.356932
135,5.400,0.869350,4.767055,3.124537,9.166981,2.092857,3.124537,9.166981,2.214172,0.004877,12.498149,1.858019,0.984003
136,5.440,1.000991,3.836859,2.525648,8.959434,2.268750,2.525648,8.959434,2.507139,0.003399,10.102592,1.069893,0.596257
137,5.480,0.664750,2.465098,1.210206,5.681604,1.372321,1.372321,5.681604,1.363679,0.004171,5.489286,0.709060,-0.150456
138,5.520,0.206582,1.888419,1.071391,4.020755,1.636607,1.636607,4.020755,1.417768,0.003695,6.546429,1.176802,0.020654
139,5.560,0.224029,1.885246,1.811211,4.486321,1.245536,1.811211,4.486321,1.716023,0.003974,7.244844,1.155923,0.133700
140,5.600,0.484734,2.059492,2.103913,5.233490,1.309821,2.059492,5.233490,2.127446,0.008030,8.237969,1.071684,0.294448
141,5.640,0.649485,1.910629,1.872554,4.137736,0.972768,1.872554,4.137736,2.254627,0.004319,7.490217,0.854643,0.173416
142,5.680,0.911975,2.298255,1.713115,2.741981,0.485714,1.713115,2.741981,1.915389,0.002759,6.852459,0.821635,0.070188
143,5.720,1.504560,3.554733,2.227657,3.735849,0.169196,2.227657,3.735849,2.066896,0.012726,8.910629,1.118784,0.403325
144,5.760,1.575139,3.950820,2.055791,5.392924,0.289286,2.055791,5.392924,2.650714,0.019787,8.223163,0.871539,0.292051
145,5.800,1.093973,2.627710,1.103384,4.917924,0.367857,1.103384,4.917924,1.739556,0.017455,4.413538,0.502650,-0.324577
146,5.840,0.868755,1.717610,0.579323,1.712264,0.466518,0.868755,1.717610,1.217090,0.023580,3.475020,0.587663,-0.476486
147,5.880,0.509318,1.224484,0.381280,2.363679,0.820089,0.820089,2.363679,0.957430,0.016782,3.280357,0.754272,-0.507995
148,5.920,0.363204,0.919619,0.470650,0.649528,0.146875,0.470650,0.919619,0.895558,0.020345,1.882602,0.507991,-0.734236
149,5.960,0.188739,0.537546,0.274722,1.137736,0.141071,0.274722,1.137736,0.387890,0.036125,1.098889,0.428101,-0.861088
150,6.000,0.127875,0.749868,0.304336,1.425000,0.317857,0.317857,1.425000,0.311211,0.026355,1.271429,0.635714,-0.833161
151,6.040,0.041039,0.730301,0.184558,2.066509,0.192411,0.192411,2.066509,0.329018,0.012118,0.769643,0.384821,-0.914381
152,6.080,0.065028,0.627710,0.202803,1.317924,0.220536,0.220536,1.317924,0.339732,0.011938,0.882143,0.441071,-0.896171
153,6.120,0.040841,0.338181,0.243522,0.604245,0.115625,0.243522,0.604245,0.235590,0.021232,0.974088,0.487044,-0.881289
154,6.160,0.157216,0.371232,0.310947,0.924057,0.062946,0.310947,0.924057,0.385246,0.021527,1.243786,0.621893,-0.837635
155,6.200,0.919112,1.834743,1.018773,3.280660,0.821875,1.018773,3.280660,0.528292,0.032972,4.075092,2.037546,-0.379358
156,6.240,2.614988,5.385510,2.911422,7.641981,1.740625,2.911422,7.641981,1.452142,0.049655,11.645690,2.940187,0.846024
157,6.280,3.159397,7.205976,3.761237,7.222170,1.659821,3.761237,7.222170,2.872522,0.050493,15.044950,1.739436,1.396230
158,6.320,2.653450,7.534638,4.215495,3.990094,0.712054,3.990094,7.534638,2.821523,0.028424,15.960378,1.401497,1.544402
159,6.360,2.904837,8.065310,4.265468,3.687264,0.734375,3.687264,8.065310,2.604707,0.019918,14.749057,1.359052,1.348337
160,6.400,2.651467,8.105764,4.167636,4.661321,0.838839,4.167636,8.105764,3.261502,0.017619,16.670546,1.420896,1.659350
161,6.440,2.074147,6.086991,2.655209,7.081604,1.120982,2.655209,7.081604,2.336594,0.014844,10.620835,0.948611,0.680140
162,6.480,1.546590,6.210206,2.486779,14.922170,2.910714,2.910714,14.922170,1.625595,0.009261,11.642858,1.469246,0.845565
163,6.520,0.935567,7.467477,3.064780,19.694811,5.100000,5.100000,19.694811,3.436607,0.015944,20.400000,2.014933,2.263002
164,6.560,0.610428,6.106557,2.867266,14.806132,3.725000,3.725000,14.806132,3.909822,0.016322,14.900000,1.014098,1.372768
165,6.600,0.483743,3.318614,1.763088,6.077359,2.021429,2.021429,6.077359,2.190625,0.014647,8.085714,0.662715,0.269804
166,6.640,0.309477,3.508990,1.376256,2.671227,1.334375,1.376256,3.508990,0.992068,0.021297,5.505024,0.864838,-0.147909
167,6.680,0.681007,4.539133,1.982285,6.072170,2.658036,2.658036,6.072170,1.822321,0.020969,10.632143,1.888890,0.681970
168,6.720,0.950833,4.516129,1.878636,9.634434,3.736607,3.736607,9.634434,2.176362,0.013284,14.946428,1.868919,1.380283
169,6.760,1.902855,7.220254,2.736912,12.474056,4.210268,4.210268,12.474056,3.305357,0.010903,16.841072,1.536112,1.686952
170,6.800,3.266852,8.730037,4.332099,8.027358,2.841964,4.332099,8.730037,2.922528,0.010772,17.328398,1.391194,1.765831
171,6.840,3.497819,9.706240,4.956637,5.500472,1.335268,4.956637,9.706240,2.704401,0.018079,19.826548,1.761756,2.170183
172,6.880,2.837232,8.888154,4.723427,4.805660,1.553571,4.723427,8.888154,4.238762,0.012020,18.893707,1.360598,2.019192
173,6.920,1.288660,4.334743,2.753570,3.894340,0.993750,2.753570,4.334743,3.127710,0.008243,11.014278,0.747595,0.743823
174,6.960,0.527557,1.437335,1.047858,2.364151,0.855357,1.047858,2.364151,0.573113,0.024663,4.191433,0.566284,-0.360527
175,7.000,0.412173,1.224484,1.231624,2.144811,0.908482,1.224484,2.144811,1.468006,0.028276,4.897938,1.199816,-0.246172
176,7.040,0.332672,1.065045,0.966949,3.063208,0.743304,0.966949,3.063208,1.515071,0.015928,3.867795,0.648289,-0.412912
177,7.080,0.266852,0.785828,0.859863,1.279245,0.452679,0.785828,1.279245,1.236383,0.012677,3.143310,0.571209,-0.530177
178,7.120,0.206780,1.124802,0.280011,2.906604,0.286607,0.286607,2.906604,0.476732,0.010788,1.146429,0.334604,-0.853394
179,7.160,0.238699,1.318879,0.622686,4.452830,0.422321,0.622686,4.452830,0.353517,0.008079,2.490746,1.245373,-0.635802
180,7.200,0.346550,1.567425,0.725806,9.120754,1.240625,1.240625,9.120754,1.031200,0.009080,4.962500,1.791882,-0.235722
181,7.240,0.402855,1.817821,0.935219,12.230660,1.970089,1.817821,12.230660,1.479464,0.018013,7.271285,1.448080,0.137980
182,7.280,0.551546,1.694077,1.327869,11.545283,2.127679,1.694077,11.545283,1.713393,0.021757,6.776309,1.061167,0.057862
183,7.320,0.970856,2.296140,2.054997,8.425943,1.212054,2.054997,8.425943,1.548123,0.036207,8.219990,1.260149,0.291538
184,7.360,0.862609,2.191433,2.074035,8.868868,1.437500,2.074035,8.868868,2.701745,0.039278,8.296140,0.976047,0.303863
185,7.400,0.199048,0.649392,0.430989,2.645755,0.456250,0.456250,2.645755,0.533929,0.012217,1.825000,0.282012,-0.743560
186,7.440,0.067010,0.299313,0.138815,1.748113,0.216964,0.216964,1.748113,0.156795,0.011576,0.867857,0.433929,-0.898484
187,7.480,0.048573,0.447382,0.114225,2.936792,0.266964,0.266964,2.936792,0.269643,0.004089,1.067857,0.533929,-0.866111
188,7.520,0.105274,0.713115,0.338445,4.658491,0.473661,0.473661,4.658491,0.338710,0.007915,1.894643,0.947321,-0.732287
189,7.560,0.097542,0.627710,0.323638,4.907547,0.716964,0.627710,4.907547,0.737946,0.011264,2.510841,1.166037,-0.632549
190,7.600,0.130452,0.685352,0.236118,4.675472,0.714732,0.685352,4.675472,0.823661,0.008752,2.741407,0.877752,-0.595230
191,7.640,0.068398,0.301957,0.209942,1.633491,0.298214,0.298214,1.633491,0.409375,0.012890,1.192857,0.483707,-0.845879
192,7.680,0.097343,0.305130,0.201745,0.795283,0.112054,0.201745,0.795283,0.222369,0.010903,0.806980,0.403490,-0.908337
193,7.720,0.124703,0.316499,0.155473,0.471226,0.150000,0.155473,0.471226,0.311740,0.007652,0.621893,0.310947,-0.938295
194,7.760,0.181404,0.638815,0.446854,0.754245,0.147321,0.446854,0.754245,0.342940,0.005698,1.787414,0.893707,-0.749643
195,7.800,0.757137,1.567425,1.148334,1.535849,0.433036,1.148334,1.567425,0.748017,0.007980,4.593337,2.105187,-0.295475
196,7.840,1.708366,3.588578,2.173982,2.183019,0.561161,2.173982,3.588578,1.388948,0.011527,8.695928,2.034645,0.368573
197,7.880,2.238303,5.635114,3.344262,1.975943,0.566964,2.238303,5.635114,2.203067,0.013448,8.953212,1.246266,0.410217
198,7.920,2.732553,7.311740,3.953993,1.651887,0.361161,2.732553,7.311740,2.319811,0.025320,10.930214,1.208325,0.730216
199,7.960,3.024584,8.225278,4.459810,5.012736,1.032589,4.459810,8.225278,2.464151,0.040788,17.839239,1.864484,1.848516
200,8.000,3.079104,9.401639,3.957165,11.063680,2.299107,3.957165,11.063680,3.202538,0.029048,15.828662,1.396641,1.523082
201,8.040,3.444885,10.043364,3.385775,15.350944,3.321429,3.444885,15.350944,2.919355,0.009540,13.779540,1.125431,1.191410
202,8.080,3.055511,7.745373,2.880486,10.511321,2.647321,3.055511,10.511321,2.769231,0.015041,12.222046,1.074260,0.939313
203,8.120,2.395519,4.444474,2.304865,4.089622,1.020982,2.395519,4.444474,2.111221,0.010345,9.582078,0.981679,0.512006
204,8.160,1.676646,3.826283,1.677948,3.035377,1.526786,1.677948,3.826283,1.994647,0.012479,6.711792,0.817341,0.047420
205,8.200,0.800952,2.228451,0.744051,3.414151,1.476786,1.476786,3.414151,1.901786,0.016814,5.907143,0.758019,-0.082821
206,8.240,1.553727,5.075621,1.248810,10.812264,2.994643,2.994643,10.812264,0.844568,0.035567,11.978572,2.180814,0.899904
207,8.280,1.781126,5.124537,1.354839,11.114151,2.268750,2.268750,11.114151,2.515179,0.046831,9.075000,1.350548,0.429930
208,8.320,1.175456,2.495505,0.668958,4.562264,0.945089,1.175456,4.562264,1.340404,0.008079,4.701824,0.609742,-0.277915
209,8.360,1.387589,2.805130,1.052353,2.865566,0.468304,1.387589,2.865566,1.208491,0.008424,5.550357,1.088777,-0.140571
210,8.400,1.962728,5.109995,2.090693,3.644340,0.870089,2.090693,5.109995,1.413759,0.013645,8.362771,1.594580,0.314648
211,8.440,2.606265,6.580645,2.848228,5.007075,1.561161,2.848228,6.580645,2.053411,0.006240,11.392914,1.642970,0.805109
212,8.480,2.661380,7.404019,3.175833,5.109434,1.495982,3.175833,7.404019,2.707298,0.007011,12.703332,1.334185,1.017214
213,8.520,2.350317,6.886039,3.131148,4.935377,1.238839,3.131148,6.886039,2.800899,0.007570,12.524590,1.136905,0.988283
214,8.560,2.454401,8.604971,4.388683,11.918868,3.096429,4.388683,11.918868,2.543363,0.008325,17.554733,1.642391,1.802465
215,8.600,3.026368,10.397144,6.375198,18.971699,4.019197,6.375198,18.971699,3.791645,0.032085,25.500793,2.012688,3.088620
216,8.640,2.354282,8.360126,4.981227,21.701416,5.292411,5.292411,21.701416,4.979112,0.033218,21.169643,1.206831,2.387577
217,8.680,0.889175,2.917504,2.646483,10.169339,2.524554,2.646483,10.169339,2.745089,0.016864,10.585934,0.685245,0.674491
218,8.720,0.179223,0.928609,0.400053,3.611793,0.703125,0.703125,3.611793,0.858805,0.015731,2.812500,0.390203,-0.583722
219,8.760,0.142546,0.819143,0.418033,2.346698,0.244196,0.418033,2.346698,0.464305,0.026552,1.672131,0.631894,-0.768303
220,8.800,0.087629,0.725542,0.166314,1.904717,0.223214,0.223214,1.904717,0.377232,0.009787,0.892857,0.446429,-0.894437
221,8.840,0.076130,0.552353,0.389741,1.229245,0.114732,0.389741,1.229245,0.089732,0.009507,1.558964,0.779482,-0.786620
222,8.880,0.077716,1.181650,0.700159,1.629717,0.440625,0.700159,1.629717,0.449233,0.013136,2.800635,1.400317,-0.585643
223,8.920,0.223830,1.356954,0.979112,2.533019,0.599554,0.979112,2.533019,0.825754,0.035041,3.916446,1.535877,-0.405037
224,8.960,0.202617,0.642517,0.784241,2.140094,0.352679,0.642517,2.140094,0.855103,0.065895,2.570069,0.764512,-0.622962
225,9.000,0.131840,0.424114,0.272871,0.545283,0.062054,0.272871,0.545283,0.382866,0.035025,1.091486,0.440837,-0.862287
226,9.040,0.167129,0.428080,0.315442,0.496698,0.085268,0.315442,0.496698,0.423057,0.025287,1.261766,0.630883,-0.834725
227,9.080,0.149881,0.306452,0.272078,0.426887,0.078571,0.272078,0.426887,0.231132,0.012414,1.088313,0.544157,-0.862800
228,9.120,0.134021,0.344262,0.250661,0.265566,0.187054,0.250661,0.344262,0.264939,0.006486,1.002644,0.501322,-0.876667
229,9.160,0.055710,0.214437,0.218932,0.234434,0.093304,0.214437,0.234434,0.171429,0.005862,0.857747,0.428874,-0.900120
230,9.200,0.053925,0.352988,0.221047,0.721226,0.628571,0.352988,0.721226,0.244315,0.003120,1.411951,0.705976,-0.810416
231,9.240,0.402657,0.942359,0.708620,2.097641,0.732589,0.732589,2.097641,0.456372,0.007635,2.930357,1.465179,-0.564646
232,9.280,0.940325,1.565045,1.042306,2.796698,1.167411,1.167411,2.796698,1.337946,0.009376,4.669643,1.301230,-0.283124
233,9.320,1.458763,3.098890,2.585405,2.672642,1.107589,2.585405,3.098890,1.622321,0.010509,10.341619,1.746737,0.634946
234,9.360,2.121729,3.811211,2.842412,2.012264,0.863393,2.121729,3.811211,2.492861,0.019015,8.486916,1.031171,0.334742
235,9.400,2.693894,6.299048,4.390534,2.704245,0.893304,2.704245,6.299048,2.292438,0.021970,10.816981,1.130231,0.711888
236,9.440,3.433386,7.799048,5.113961,6.215566,0.924107,5.113961,7.799048,3.499057,0.036962,20.455843,1.766025,2.272041
237,9.480,3.257534,7.923585,4.566367,9.372642,1.241964,4.566367,9.372642,3.406928,0.028292,18.265469,1.322438,1.917505
238,9.520,2.899088,6.691698,3.338445,10.491982,1.671875,3.338445,10.491982,2.714701,0.032003,13.353781,1.090705,1.122496
239,9.560,2.870936,5.801428,3.247224,8.197641,2.054464,3.247224,8.197641,2.541435,0.021626,12.988894,1.235593,1.063436
240,9.600,2.298573,4.617662,2.701745,4.893396,2.135268,2.701745,4.893396,2.453608,0.035452,10.806980,1.081770,0.710270
241,9.640,1.143140,2.575621,1.867002,1.927359,1.583482,1.867002,2.575621,1.892411,0.016305,7.468006,0.859178,0.169821
242,9.680,0.463125,1.775251,1.352723,1.217453,1.024554,1.217453,1.775251,1.593750,0.010952,4.869812,0.698449,-0.250725
243,9.720,0.146114,1.832364,0.971444,1.121698,0.920536,0.971444,1.832364,1.245283,0.011675,3.885775,0.684348,-0.410001
244,9.760,0.210151,1.780804,0.714701,1.065094,0.512946,0.714701,1.780804,1.021153,0.034236,2.858805,0.630683,-0.576227
245,9.800,0.239492,2.070598,1.144632,1.490566,0.572768,1.144632,2.070598,0.676891,0.025041,4.578530,1.348178,-0.297872
246,9.840,0.277359,3.278160,1.366208,1.985849,0.720536,1.366208,3.278160,1.492068,0.033859,5.464833,1.259783,-0.154414
247,9.880,0.271808,3.269699,1.286621,2.270755,0.909375,1.286621,3.269699,1.746959,0.027488,5.146483,0.794449,-0.205942
248,9.920,0.305313,1.506081,0.654944,1.321698,0.245982,0.654944,1.506081,0.706769,0.040246,2.619778,0.533836,-0.614916
249,9.960,0.566614,1.504231,0.748017,1.312736,0.524107,0.748017,1.504231,0.909906,0.091724,2.992068,0.925377,-0.554657
250,10.000,0.569588,1.575886,0.695928,1.147642,0.438839,0.695928,1.575886,1.504759,0.084105,2.783712,0.576418,-0.588382
251,10.040,0.582672,1.430725,0.781068,1.227358,0.505357,0.781068,1.430725,1.070283,0.034368,3.124273,0.606645,-0.533259
252,10.080,1.007534,3.234796,1.604707,4.436321,1.340179,1.604707,4.436321,1.158911,0.015698,6.418826,1.439719,0.000000
253,10.120,0.980769,4.526176,2.859334,8.433019,2.092411,2.859334,8.433019,2.151507,0.025386,11.437335,1.727476,0.812299
254,10.160,0.855868,4.664992,2.643839,10.150000,2.979018,2.979018,10.150000,1.807245,0.011429,11.916072,1.505029,0.889788
255,10.200,1.440325,5.300634,2.988895,9.859434,2.477679,2.988895,9.859434,2.599554,0.012841,11.955579,1.356493,0.896182
256,10.240,1.460151,3.952935,2.259651,5.605189,1.607143,2.259651,5.605189,2.508197,0.015435,9.038604,0.884793,0.424039
257,10.280,0.922680,2.234532,1.172924,4.481132,0.654018,1.172924,4.481132,1.511899,0.004762,4.691698,0.583531,-0.279554
258,10.320,0.396907,1.303014,0.461661,2.737264,0.510268,0.510268,2.737264,0.684576,0.006798,2.041071,0.464624,-0.708586
259,10.360,0.236915,1.442623,0.480434,3.253302,0.557143,0.557143,3.253302,0.512692,0.007077,2.228571,0.930691,-0.678237
260,10.400,0.116178,1.275780,0.522210,3.634434,0.565179,0.565179,3.634434,0.832143,0.003317,2.260714,0.840518,-0.673035
261,10.440,0.040048,0.882866,0.262824,2.820755,0.337054,0.337054,2.820755,0.390799,0.003448,1.348214,0.551218,-0.820733
262,10.480,0.052538,0.693548,0.280804,3.083019,0.450000,0.450000,3.083019,0.208620,0.007800,1.800000,0.900000,-0.747606
263,10.520,0.061459,0.905605,0.321787,4.112736,0.587946,0.587946,4.112736,0.696875,0.008801,2.351786,1.175893,-0.658294
264,10.560,0.042030,1.357483,1.307509,1.830189,0.258036,1.307509,1.830189,0.378107,0.006207,5.230037,2.432617,-0.192418
265,10.600,0.026963,1.311211,1.230830,0.396226,0.078571,0.396226,1.311211,0.434434,0.004745,1.584906,0.792453,-0.782422
266,10.640,0.010309,1.347700,1.787150,0.144811,0.042411,0.144811,1.787150,0.191981,0.006962,0.579245,0.289623,-0.945198
267,10.680,0.140761,1.366208,1.484400,0.398113,0.235714,0.398113,1.484400,0.118868,0.003071,1.592453,0.796226,-0.781200
268,10.720,0.110428,1.365680,1.135378,1.008491,0.286607,1.008491,1.365680,0.591981,0.004401,4.033962,2.016981,-0.386016
269,10.760,0.396907,1.745902,0.984400,1.758962,0.352232,0.984400,1.758962,0.945267,0.001560,3.937599,1.280730,-0.401613
270,10.800,0.950833,2.800106,1.908778,2.074057,0.478571,1.908778,2.800106,1.285299,0.004762,7.635114,1.711475,0.196869
271,10.840,1.891356,3.903490,2.769170,1.985849,0.772321,1.985849,3.903490,1.839503,0.005304,7.943396,1.271024,0.246768
272,10.880,2.151269,4.327869,3.019831,2.600472,0.843304,2.600472,4.327869,2.360391,0.007865,10.401887,1.238351,0.644701
273,10.920,1.431007,3.238763,2.160762,2.182547,0.969196,2.160762,3.238763,2.103649,0.007947,8.643046,0.968074,0.360014
274,10.960,0.579302,1.768112,0.973823,1.786321,0.653125,0.973823,1.786321,1.007668,0.007011,3.895293,0.625988,-0.408461
275,11.000,0.590999,1.837388,0.734003,1.666981,0.776339,0.776339,1.837388,0.550446,0.020920,3.105357,0.996511,-0.536320
276,11.040,0.895519,1.794818,1.102856,1.559434,0.864732,1.102856,1.794818,1.205357,0.006388,4.411423,1.256240,-0.324920
277,11.080,1.313244,1.956901,1.589635,1.062736,0.712500,1.313244,1.956901,1.279217,0.005961,5.252974,1.057117,-0.188706
278,11.120,1.863600,3.282390,2.329720,1.834434,0.945089,1.863600,3.282390,1.417129,0.010131,7.454401,1.382315,0.167619
279,11.160,2.218477,4.503438,2.921999,2.571698,1.204018,2.571698,4.503438,2.178477,0.004729,10.286793,1.430467,0.626072
280,11.200,1.916535,4.299577,2.776309,3.106132,1.427232,2.776309,4.299577,2.261237,0.005222,11.105235,1.250670,0.758545
281,11.240,1.223037,4.043892,2.236383,7.920755,1.814732,2.236383,7.920755,2.101269,0.003547,8.945532,1.025274,0.408974
282,11.280,0.593180,4.010576,1.487573,14.001886,3.048661,3.048661,14.001886,2.082760,0.003268,12.194643,1.457285,0.934878
283,11.320,0.334853,3.382866,1.602062,12.052830,3.145536,3.145536,12.052830,2.997321,0.006092,12.582143,1.238380,0.997599
284,11.360,0.178628,1.030936,0.704918,5.005661,1.584375,1.030936,5.005661,1.504759,0.012282,4.123744,0.457982,-0.371484
285,11.400,0.083069,0.607615,0.352723,4.190566,0.767857,0.607615,4.190566,0.541512,0.016519,2.430460,0.593875,-0.645560
286,11.440,0.078113,1.402961,0.446854,7.772170,1.532143,1.402961,7.772170,0.718139,0.011872,5.611845,2.227540,-0.130618
287,11.480,0.065623,1.920412,0.545479,10.235377,1.842411,1.842411,10.235377,1.781597,0.013596,7.369643,1.474084,0.153900
288,11.520,0.202220,1.502644,0.824696,5.760849,1.164732,1.164732,5.760849,1.589732,0.018522,4.658928,0.690963,-0.284858
289,11.560,0.319389,1.012692,0.596510,1.741038,0.465179,0.596510,1.741038,0.838181,0.007192,2.386039,0.491377,-0.652750
290,11.600,0.843378,1.278953,1.136171,1.447170,0.759375,1.136171,1.447170,0.892453,0.007586,4.544685,1.313012,-0.303350
291,11.640,1.781523,2.639873,2.316764,2.428774,1.116518,2.316764,2.639873,1.807245,0.028062,9.267055,1.716313,0.461016
292,11.680,2.321372,3.622951,2.950291,2.388679,1.169196,2.388679,3.622951,2.450027,0.014614,9.554717,1.122164,0.507577
293,11.720,2.353886,4.739027,3.891856,2.182076,0.999107,2.353886,4.739027,2.888155,0.019622,9.415544,0.881906,0.485051
294,11.760,2.669310,5.373347,3.858805,1.330660,0.765625,2.669310,5.373347,2.178033,0.019392,10.677240,1.053775,0.689270
295,11.800,2.969667,4.790852,3.105500,1.633019,0.965179,2.969667,4.790852,2.691713,0.022594,11.878668,1.219639,0.883734
296,11.840,2.850515,4.706240,2.408514,2.278774,0.826786,2.408514,4.706240,2.663561,0.049721,9.634056,0.899493,0.520419
297,11.880,2.303331,4.423850,1.977261,2.851415,0.830357,2.303331,4.423850,2.593378,0.039803,9.213323,0.876301,0.452319
298,11.920,1.780333,4.650978,1.847700,4.644811,1.329911,1.847700,4.650978,1.987708,0.020657,7.390799,0.806664,0.157324
299,11.960,1.951031,6.712851,1.743786,7.080660,2.150893,2.150893,7.080660,2.066614,0.024959,8.603572,1.061037,0.353624
300,12.000,1.452617,7.171867,1.557113,7.523113,2.486161,2.486161,7.523113,2.260709,0.055698,9.944643,1.149053,0.570691
301,12.040,0.728390,4.684030,1.125595,4.617925,1.709375,1.709375,4.684030,1.800446,0.017110,6.837500,0.841817,0.067767
302,12.080,0.138977,2.367530,0.367002,1.642925,0.700893,0.700893,2.367530,0.883482,0.009228,2.803571,0.522289,-0.585168
303,12.120,0.075139,1.091486,0.259122,0.810849,0.312946,0.312946,1.091486,0.451786,0.020591,1.251786,0.468740,-0.836341
304,12.160,0.135408,0.480698,0.269170,0.518396,0.157143,0.269170,0.518396,0.298661,0.007110,1.076679,0.538339,-0.864683
305,12.200,0.491078,0.601269,0.395558,0.371226,0.171429,0.395558,0.601269,0.269231,0.003465,1.582232,0.791116,-0.782854
306,12.240,1.316217,1.832364,0.929138,1.401415,0.533929,1.316217,1.832364,0.510377,0.008079,5.264869,2.632435,-0.186780
307,12.280,1.762292,3.296140,1.984400,3.307076,1.838393,1.984400,3.307076,1.847343,0.010246,7.937599,1.683321,0.245830
308,12.320,2.182593,5.301428,2.466684,7.895755,3.442857,3.442857,7.895755,2.074107,0.019770,13.771428,1.755910,1.190097
309,12.360,2.403251,5.299841,2.475145,10.028773,3.762500,3.762500,10.028773,3.334821,0.023744,15.050000,1.391218,1.397048
310,12.400,1.950436,4.251983,2.306452,7.412736,2.210268,2.306452,7.412736,2.419196,0.007619,9.225806,0.801684,0.454340
311,12.440,1.390960,2.645426,1.480434,5.383962,1.437946,1.480434,5.383962,1.536875,0.005205,5.921734,0.748436,-0.080460
312,12.480,0.802339,3.182179,1.439979,5.135849,1.917411,1.917411,5.135849,1.088422,0.004959,7.669643,1.460719,0.202458
313,12.520,0.608842,4.845320,2.125330,6.277359,2.613839,2.613839,6.277359,2.443750,0.008062,10.455358,1.480018,0.653356
314,12.560,0.456186,4.441037,1.512956,4.793868,1.857143,1.857143,4.793868,2.502679,0.004483,7.428571,0.750903,0.163438
315,12.600,0.676249,2.774194,1.319937,2.262736,0.623661,1.319937,2.774194,0.926230,0.010345,5.279746,0.769887,-0.184372
316,12.640,0.979381,2.080645,1.613432,2.030189,0.651339,1.613432,2.080645,1.444209,0.007028,6.453728,1.361294,0.005649
317,12.680,0.980373,2.454786,1.819408,2.433019,0.776339,1.819408,2.454786,1.577208,0.008095,7.277631,1.204341,0.139007
318,12.720,1.404837,4.268641,2.849550,5.678302,1.811161,2.849550,5.678302,1.795082,0.008686,11.398202,1.689980,0.805965
319,12.760,2.417724,6.760973,4.298784,8.829246,2.337946,4.298784,8.829246,2.621364,0.014877,17.195135,1.946716,1.744260
320,12.800,2.228985,6.629297,4.343469,6.298585,1.660268,4.343469,6.629297,3.538604,0.012085,17.373877,1.410224,1.773192
321,12.840,1.844171,4.317821,3.305658,3.488679,0.581696,3.305658,4.317821,2.518773,0.012282,13.222633,1.091449,1.101269
322,12.880,1.648097,3.777102,2.970122,3.033019,0.447321,2.970122,3.777102,2.530672,0.012742,11.880486,1.176415,0.884028
323,12.920,0.889770,2.315706,1.829720,3.339151,0.585268,1.829720,3.339151,2.197250,0.013760,7.318879,0.774006,0.145683
324,12.960,0.345559,1.919090,1.219989,3.675943,0.616071,1.219989,3.675943,0.896087,0.020788,4.879958,0.788785,-0.249082
325,13.000,0.092387,0.877314,0.568218,2.401415,0.564286,0.568218,2.401415,0.974554,0.013892,2.272871,0.607512,-0.671067
326,13.040,0.040841,0.636171,0.538075,1.944811,0.183036,0.538075,1.944811,0.786621,0.011133,2.152300,0.611041,-0.690583
327,13.080,0.124108,0.597832,0.487573,2.344811,0.491071,0.491071,2.344811,0.724749,0.018243,1.964286,0.649836,-0.721015
328,13.120,0.130056,0.540190,0.344262,2.634906,0.483482,0.483482,2.634906,0.636161,0.014647,1.933929,0.710528,-0.725928
329,13.160,0.086836,0.387361,0.260444,1.482547,0.235714,0.260444,1.482547,0.476203,0.007865,1.041777,0.468272,-0.870333
330,13.200,0.152260,0.656795,0.461132,3.920283,0.671875,0.656795,3.920283,0.473823,0.026519,2.627181,1.313591,-0.613718
331,13.240,0.173672,0.683765,0.449233,5.238207,1.071429,0.683765,5.238207,0.912946,0.034286,2.735061,0.986127,-0.596257
332,13.280,0.254560,1.640666,1.180328,6.729717,1.316071,1.316071,6.729717,0.856425,0.033120,5.264286,1.487615,-0.186875
333,13.320,0.340206,1.764410,1.296933,5.772170,0.944643,1.296933,5.772170,1.848493,0.043120,5.187731,0.958944,-0.199266
334,13.360,0.147502,0.482020,0.370439,0.645283,0.106250,0.370439,0.645283,0.524326,0.016535,1.481756,0.312235,-0.799117
335,13.400,0.130849,0.411158,0.238234,0.316981,0.070982,0.238234,0.411158,0.268112,0.013300,0.952935,0.476467,-0.884713
336,13.440,0.113799,0.448704,0.267583,0.246226,0.061607,0.246226,0.448704,0.320730,0.017619,0.984906,0.492453,-0.879538
337,13.480,0.054917,0.277631,0.113168,0.067453,0.029018,0.067453,0.277631,0.085377,0.009310,0.269811,0.134906,-0.995284
338,13.520,,,,,,,,0.081174,,,,
